{
	"partitions" : [
		{
			"name" : "Top",
			"pins" : [
				{
					"name" : "ResultBus[0]",
					"strict" : false
				},
				{
					"name" : "ResultBus[1]",
					"strict" : false
				},
				{
					"name" : "ResultBus[2]",
					"strict" : false
				},
				{
					"name" : "ResultBus[3]",
					"strict" : false
				},
				{
					"name" : "ResultBus[4]",
					"strict" : false
				},
				{
					"name" : "ResultBus[5]",
					"strict" : false
				},
				{
					"name" : "ResultBus[6]",
					"strict" : false
				},
				{
					"name" : "ResultBus[7]",
					"strict" : false
				},
				{
					"name" : "ResultBus[8]",
					"strict" : false
				},
				{
					"name" : "ResultBus[9]",
					"strict" : false
				},
				{
					"name" : "ResultBus[10]",
					"strict" : false
				},
				{
					"name" : "ResultBus[11]",
					"strict" : false
				},
				{
					"name" : "ResultBus[12]",
					"strict" : false
				},
				{
					"name" : "ResultBus[13]",
					"strict" : false
				},
				{
					"name" : "ResultBus[14]",
					"strict" : false
				},
				{
					"name" : "ResultBus[15]",
					"strict" : false
				},
				{
					"name" : "ResultBus[16]",
					"strict" : false
				},
				{
					"name" : "ResultBus[17]",
					"strict" : false
				},
				{
					"name" : "ResultBus[18]",
					"strict" : false
				},
				{
					"name" : "ResultBus[19]",
					"strict" : false
				},
				{
					"name" : "ResultBus[20]",
					"strict" : false
				},
				{
					"name" : "ResultBus[21]",
					"strict" : false
				},
				{
					"name" : "ResultBus[22]",
					"strict" : false
				},
				{
					"name" : "ResultBus[23]",
					"strict" : false
				},
				{
					"name" : "ResultBus[24]",
					"strict" : false
				},
				{
					"name" : "ResultBus[25]",
					"strict" : false
				},
				{
					"name" : "ResultBus[26]",
					"strict" : false
				},
				{
					"name" : "ResultBus[27]",
					"strict" : false
				},
				{
					"name" : "ResultBus[28]",
					"strict" : false
				},
				{
					"name" : "ResultBus[29]",
					"strict" : false
				},
				{
					"name" : "ResultBus[30]",
					"strict" : false
				},
				{
					"name" : "ResultBus[31]",
					"strict" : false
				},
				{
					"name" : "inAccept",
					"strict" : false
				},
				{
					"name" : "doneMul",
					"strict" : false
				},
				{
					"name" : "resultready",
					"strict" : false
				},
				{
					"name" : "clk",
					"strict" : false
				},
				{
					"name" : "rst",
					"strict" : false
				},
				{
					"name" : "resultaccept",
					"strict" : false
				},
				{
					"name" : "inReady",
					"strict" : false
				},
				{
					"name" : "startMul",
					"strict" : false
				},
				{
					"name" : "X[23]",
					"strict" : false
				},
				{
					"name" : "X[24]",
					"strict" : false
				},
				{
					"name" : "X[25]",
					"strict" : false
				},
				{
					"name" : "X[26]",
					"strict" : false
				},
				{
					"name" : "X[27]",
					"strict" : false
				},
				{
					"name" : "X[28]",
					"strict" : false
				},
				{
					"name" : "X[29]",
					"strict" : false
				},
				{
					"name" : "X[30]",
					"strict" : false
				},
				{
					"name" : "X[31]",
					"strict" : false
				},
				{
					"name" : "X[22]",
					"strict" : false
				},
				{
					"name" : "X[0]",
					"strict" : false
				},
				{
					"name" : "X[1]",
					"strict" : false
				},
				{
					"name" : "X[21]",
					"strict" : false
				},
				{
					"name" : "X[20]",
					"strict" : false
				},
				{
					"name" : "X[19]",
					"strict" : false
				},
				{
					"name" : "X[18]",
					"strict" : false
				},
				{
					"name" : "X[17]",
					"strict" : false
				},
				{
					"name" : "X[16]",
					"strict" : false
				},
				{
					"name" : "X[15]",
					"strict" : false
				},
				{
					"name" : "X[14]",
					"strict" : false
				},
				{
					"name" : "X[13]",
					"strict" : false
				},
				{
					"name" : "X[12]",
					"strict" : false
				},
				{
					"name" : "X[11]",
					"strict" : false
				},
				{
					"name" : "X[10]",
					"strict" : false
				},
				{
					"name" : "X[9]",
					"strict" : false
				},
				{
					"name" : "X[8]",
					"strict" : false
				},
				{
					"name" : "X[7]",
					"strict" : false
				},
				{
					"name" : "X[6]",
					"strict" : false
				},
				{
					"name" : "X[5]",
					"strict" : false
				},
				{
					"name" : "X[4]",
					"strict" : false
				},
				{
					"name" : "X[3]",
					"strict" : false
				},
				{
					"name" : "X[2]",
					"strict" : false
				}
			]
		}
	]
}